address,name,references_in_notes
0x0,unidentified,10
0x7,unidentified,3
0x469,unidentified,3
0x5145,unidentified,1
0x11010,OBD mode/PID service,83
0x11466,unidentified,6
0x184A0,unidentified,3
0x19B90,unidentified,1
0x1B9FA,unidentified,6
0x1BB2E,unidentified,8
0x219F6,unidentified,4
0x25710,unidentified,1
0x26A5E,unidentified,4
0x26A9E,unidentified,3
0x27478,unidentified,2
0x28000,unidentified,1
0x28508,unidentified,6
0x28582,unidentified,4
0x28618,unidentified,6
0x2868A,unidentified,1
0x28730,unidentified,3
0x2883E,unidentified,1
0x2888C,unidentified,10
0x289C4,launch-control arming,3
0x28A16,unidentified,4
0x28A42,launch-control speed gate,7
0x28AC4,unidentified,4
0x28B08,unidentified,1
0x28B50,launch RPM-limit release,5
0x28BC6,unidentified,7
0x28C36,launch-control state machine,2
0x28C7E,unidentified,2
0x28CC4,unidentified,2
0x28D1E,unidentified,6
0x28D30,unidentified,3
0x28D8C,unidentified,3
0x28E5E,unidentified,12
0x29024,unidentified,6
0x290EA,unidentified,27
0x2924C,unidentified,2
0x2925A,unidentified,1
0x292A6,unidentified,1
0x2934E,unidentified,6
0x2937E,unidentified,9
0x29414,unidentified,4
0x29438,unidentified,4
0x29480,unidentified,3
0x294E4,unidentified,2
0x29582,unidentified,8
0x29612,unidentified,2
0x29660,unidentified,2
0x2970A,unidentified,8
0x297D8,unidentified,4
0x29812,unidentified,3
0x298A0,unidentified,2
0x29A18,unidentified,1
0x29A4C,unidentified,1
0x29A64,unidentified,1
0x29A98,unidentified,1
0x29AB0,unidentified,1
0x29B3E,unidentified,2
0x29B6E,unidentified,2
0x29BC4,unidentified,24
0x29C5A,unidentified,3
0x29D18,unidentified,4
0x29D6A,unidentified,9
0x29E3A,unidentified,4
0x29E7C,unidentified,8
0x29FD2,unidentified,14
0x2A0CA,unidentified,3
0x2A2D6,unidentified,1
0x2A33A,unidentified,2
0x2A4D4,quickshifter module,54
0x2A526,unidentified,3
0x2A5B8,quickshifter on-throttle debounce,6
0x2A696,unidentified,8
0x2A6E8,upshift detection,29
0x2A952,unidentified,5
0x2A9C8,unidentified,3
0x2AA2A,unidentified,1
0x2AA62,unidentified,4
0x2AAAC,unidentified,6
0x2ABA2,unidentified,32
0x2AD3C,unidentified,8
0x2AD8E,downshift detection,6
0x2AFB6,unidentified,5
0x2B02A,unidentified,3
0x2B08C,unidentified,1
0x2B0C4,unidentified,4
0x2B10E,unidentified,4
0x2B204,unidentified,32
0x2B3B6,unidentified,10
0x2B492,unidentified,2
0x2B4DE,unidentified,1
0x2B5DA,unidentified,10
0x2B6B0,quickshifter fuel-factor,17
0x2B76C,unidentified,4
0x2B7B0,unidentified,4
0x2B7F4,unidentified,4
0x2B838,unidentified,6
0x2B8B6,unidentified,4
0x2B8FA,unidentified,4
0x2B93E,unidentified,4
0x2B982,unidentified,6
0x2BA00,unidentified,60
0x2BAB4,unidentified,3
0x2BBE4,unidentified,1
0x2BC76,unidentified,4
0x2BD08,unidentified,12
0x2BDBA,unidentified,4
0x2BDEC,unidentified,4
0x2BE96,unidentified,2
0x2BF90,unidentified,4
0x2C01A,unidentified,2
0x2C068,per-gear RPM limiter,17
0x2C184,unidentified,9
0x2C396,spark-cut propagation,0
0x2C3BC,unidentified,12
0x2C3F2,unidentified,27
0x2C4CC,unidentified,3
0x2C5B0,unidentified,8
0x2C652,in-gear rev limiter,2
0x2C68C,neutral rev limiter,2
0x2C6C6,neutral rev limiter (alt),3
0x2C700,ignition-cut limiter,2
0x2C73E,in-gear rev-limiter state machine,1
0x2C7B4,unidentified,1
0x2C7E8,hot-engine limiter delay,16
0x2C8E2,gear-sensor window check,28
0x2CA78,unidentified,6
0x2CB40,unidentified,8
0x2CC84,unidentified,4
0x2CCAA,unidentified,1
0x2CD56,unidentified,6
0x2CE16,unidentified,18
0x2CFE4,unidentified,3
0x2D012,unidentified,6
0x2D0F0,unidentified,6
0x2D150,unidentified,8
0x2D1BC,unidentified,5
0x2D286,unidentified,2
0x2D2F0,unidentified,8
0x2D3B6,unidentified,11
0x2D538,unidentified,9
0x2D67A,unidentified,2
0x2D724,unidentified,4
0x2D7A4,unidentified,2
0x2D96C,unidentified,12
0x2DAC8,unidentified,2
0x2DB2A,unidentified,2
0x2DB8E,unidentified,2
0x2DC0A,unidentified,2
0x2DC60,unidentified,2
0x2DCBA,unidentified,2
0x2DDE8,unidentified,11
0x2E080,unidentified,4
0x2E144,unidentified,4
0x2E1F8,unidentified,4
0x2E264,unidentified,4
0x2E2D6,unidentified,7
0x2E35E,unidentified,4
0x2E3EC,unidentified,12
0x2E64C,unidentified,12
0x2E742,unidentified,4
0x2E7CC,unidentified,4
0x2E828,unidentified,1
0x2E88A,unidentified,4
0x2E8D2,unidentified,2
0x2E946,unidentified,5
0x2E9AA,unidentified,9
0x2EA34,unidentified,4
0x2EA7C,unidentified,4
0x2EB6E,unidentified,2
0x2EC1E,unidentified,4
0x2ECBC,unidentified,2
0x2EF00,unidentified,4
0x2EFAE,unidentified,1
0x2F046,unidentified,4
0x2F17E,unidentified,1
0x2F1A4,unidentified,2
0x2F2E0,unidentified,6
0x2F330,unidentified,4
0x2F39C,unidentified,5
0x2F3EC,unidentified,10
0x2F47C,unidentified,8
0x2F508,unidentified,4
0x2F52A,unidentified,4
0x2F598,unidentified,3
0x2F6F8,unidentified,10
0x2F7B0,unidentified,6
0x2F90E,unidentified,6
0x2F9CE,unidentified,20
0x2FB2E,unidentified,4
0x2FBA8,unidentified,8
0x2FE16,unidentified,5
0x2FE98,unidentified,6
0x2FF50,unidentified,1
0x2FF8E,unidentified,4
0x2FFD8,unidentified,2
0x30064,unidentified,5
0x300AA,unidentified,1
0x30160,unidentified,6
0x30310,unidentified,3
0x30454,unidentified,2
0x304CC,unidentified,4
0x30598,unidentified,2
0x306AE,unidentified,2
0x30868,unidentified,4
0x308FE,unidentified,6
0x30A52,unidentified,1
0x30B0C,unidentified,4
0x30B50,unidentified,1
0x30C1E,unidentified,1
0x30C64,unidentified,2
0x30CD0,unidentified,4
0x30D6E,unidentified,2
0x30DD6,unidentified,1
0x30E22,unidentified,1
0x30EC6,unidentified,1
0x30EEC,unidentified,1
0x30F12,unidentified,1
0x30F38,unidentified,1
0x30F9C,unidentified,2
0x31052,unidentified,4
0x310A4,unidentified,4
0x3111A,unidentified,6
0x31182,unidentified,6
0x31256,unidentified,3
0x312AC,unidentified,2
0x312F2,unidentified,4
0x3140A,unidentified,2
0x314A2,unidentified,2
0x314E0,unidentified,1
0x31520,unidentified,3
0x31562,unidentified,1
0x315A2,unidentified,3
0x31624,unidentified,3
0x316A6,unidentified,3
0x31830,unidentified,2
0x318A2,unidentified,2
0x31924,unidentified,2
0x3199A,unidentified,2
0x31A06,unidentified,2
0x31DC0,unidentified,1
0x31DE6,unidentified,1
0x31E58,unidentified,1
0x31E7E,unidentified,1
0x31EF0,unidentified,1
0x31F88,unidentified,1
0x31FAE,unidentified,1
0x31FD4,unidentified,1
0x31FFA,unidentified,1
0x32046,unidentified,1
0x3205E,unidentified,2
0x320D4,unidentified,3
0x3214A,unidentified,2
0x321C0,unidentified,2
0x3227A,unidentified,2
0x322FC,unidentified,2
0x3237E,unidentified,2
0x32400,unidentified,2
0x3243E,unidentified,1
0x3253A,unidentified,2
0x3269A,unidentified,1
0x326C0,unidentified,1
0x32732,unidentified,1
0x32758,unidentified,1
0x327CA,unidentified,1
0x32862,unidentified,1
0x32888,unidentified,1
0x328AE,unidentified,1
0x328D4,unidentified,1
0x32920,unidentified,1
0x32938,unidentified,2
0x329AE,unidentified,2
0x32A24,unidentified,84
0x32A9A,unidentified,2
0x32B54,unidentified,2
0x32BD6,unidentified,2
0x32C58,unidentified,2
0x32CDA,unidentified,2
0x32D18,unidentified,1
0x32E14,unidentified,2
0x32F1A,unidentified,1
0x32F64,unidentified,3
0x32FAE,unidentified,1
0x32FF8,unidentified,3
0x3308C,unidentified,2
0x3311E,unidentified,3
0x33200,unidentified,1
0x3324A,unidentified,3
0x332D6,unidentified,2
0x33316,unidentified,1
0x33360,unidentified,3
0x333EC,unidentified,3
0x334EC,unidentified,4
0x33604,unidentified,2
0x3362A,unidentified,4
0x3368A,unidentified,3
0x337D6,unidentified,4
0x33836,unidentified,3
0x338D0,unidentified,8
0x33968,unidentified,3
0x33B12,unidentified,1
0x33BA8,unidentified,2
0x33D4A,P0412 PAIR circuit monitor,0
0x33DE4,unidentified,2
0x33FF6,unidentified,2
0x343D6,unidentified,2
0x34544,unidentified,1
0x34592,unidentified,1
0x346CA,unidentified,1
0x347F8,unidentified,9
0x34A06,unidentified,2
0x34B1C,unidentified,1
0x34B64,unidentified,1
0x34CAC,unidentified,1
0x34F8C,unidentified,2
0x3502C,unidentified,2
0x35094,unidentified,2
0x351D4,unidentified,1
0x3522E,unidentified,1
0x35802,unidentified,1
0x35924,unidentified,2
0x359BC,unidentified,2
0x35FA0,unidentified,2
0x360AA,unidentified,2
0x36142,unidentified,2
0x362FA,unidentified,1
0x36320,unidentified,1
0x365B8,unidentified,3
0x36810,unidentified,3
0x36976,unidentified,1
0x36A0E,unidentified,3
0x36A34,unidentified,1
0x376AA,unidentified,2
0x37718,unidentified,2
0x37998,unidentified,2
0x37A06,unidentified,2
0x37E44,unidentified,1
0x38040,unidentified,1
0x38092,unidentified,8
0x381DE,unidentified,1
0x3822A,unidentified,2
0x38276,unidentified,1
0x382C2,unidentified,2
0x38300,unidentified,1
0x38346,unidentified,3
0x383DC,unidentified,3
0x3841E,unidentified,1
0x38464,unidentified,3
0x384FA,unidentified,3
0x385DA,unidentified,2
0x3862E,unidentified,3
0x38750,unidentified,2
0x38798,unidentified,2
0x38B72,unidentified,1
0x38C1E,unidentified,1
0x38C64,unidentified,3
0x38CA6,unidentified,1
0x38F1E,unidentified,2
0x38FB6,unidentified,2
0x39034,unidentified,3
0x39076,unidentified,2
0x390B6,unidentified,3
0x390F8,unidentified,2
0x39138,unidentified,3
0x3917A,unidentified,2
0x391BA,unidentified,3
0x392FA,unidentified,2
0x39392,unidentified,2
0x393D0,unidentified,1
0x39410,unidentified,3
0x39492,unidentified,3
0x394D4,unidentified,1
0x39514,unidentified,3
0x39596,unidentified,3
0x396D6,unidentified,2
0x3976E,unidentified,2
0x397AC,unidentified,1
0x397EC,unidentified,3
0x3986E,unidentified,3
0x398B0,unidentified,1
0x398F0,unidentified,3
0x39972,unidentified,3
0x39AFE,unidentified,1
0x39B16,unidentified,1
0x39B66,unidentified,2
0x39D1C,unidentified,2
0x39DB0,unidentified,6
0x39E8A,unidentified,3
0x39F6A,unidentified,3
0x3A04A,unidentified,1
0x3A0E2,unidentified,1
0x3A110,unidentified,2
0x3A184,unidentified,3
0x3A234,unidentified,2
0x3A3A4,unidentified,2
0x3A438,unidentified,2
0x3A48C,unidentified,1
0x3A760,unidentified,3
0x3A7DC,unidentified,2
0x3A81C,unidentified,3
0x3A96C,unidentified,1
0x3A9A0,unidentified,1
0x3A9EC,unidentified,1
0x3AA12,unidentified,2
0x3AA50,unidentified,2
0x3AA9C,unidentified,3
0x3AADE,unidentified,2
0x3AB46,unidentified,3
0x3AC32,unidentified,2
0x3AC72,unidentified,2
0x3ACC0,unidentified,7
0x3ADB4,unidentified,3
0x3ADF6,unidentified,13
0x3AFF2,unidentified,1
0x3B0A2,unidentified,7
0x3B196,unidentified,3
0x3B32E,unidentified,1
0x3B3B8,unidentified,7
0x3B4B8,unidentified,3
0x3B65C,unidentified,1
0x3B984,unidentified,1
0x3BB20,unidentified,4
0x3BB62,unidentified,3
0x3BCA6,unidentified,18
0x3C068,unidentified,4
0x3C37C,unidentified,2
0x3C444,unidentified,6
0x3C616,unidentified,8
0x3C92E,unidentified,1
0x3C9E2,unidentified,1
0x3CAAE,unidentified,1
0x3CB2A,unidentified,1
0x3CCD8,unidentified,1
0x3CE94,unidentified,2
0x3CECC,unidentified,2
0x3CFF0,unidentified,1
0x3D038,unidentified,1
0x3D1CE,unidentified,1
0x3D46C,unidentified,4
0x3D51A,unidentified,2
0x3D5AC,unidentified,1
0x3D5F4,unidentified,1
0x3DAFA,unidentified,8
0x3DBAE,unidentified,3
0x3DC5E,unidentified,2
0x3DCDC,unidentified,2
0x3DD34,unidentified,2
0x3DE22,unidentified,4
0x3DF62,unidentified,4
0x3E0C0,unidentified,1
0x3E12A,unidentified,1
0x3E210,unidentified,1
0x3E258,unidentified,3
0x3E29A,unidentified,1
0x3E2E2,unidentified,3
0x3E36C,unidentified,2
0x3E3F4,unidentified,3
0x3E4C6,unidentified,2
0x3E51A,unidentified,3
0x3E55C,unidentified,2
0x3E5C8,unidentified,2
0x3E664,unidentified,1
0x3E726,unidentified,3
0x3E7B2,unidentified,3
0x3E83E,unidentified,2
0x3E88E,unidentified,13
0x3E910,unidentified,2
0x3E95C,P0410 PAIR monitor,15
0x3EBF2,unidentified,9
0x3EDF6,unidentified,3
0x3EFA0,unidentified,12
0x3F0E0,unidentified,5
0x3F1DC,unidentified,2
0x3F2BA,unidentified,1
0x3F338,unidentified,1
0x3F510,unidentified,6
0x3F586,unidentified,3
0x3F624,unidentified,8
0x3F6D6,unidentified,3
0x3F8FC,unidentified,1
0x3F994,unidentified,1
0x3FA44,unidentified,2
0x3FA96,unidentified,3
0x3FAD8,unidentified,2
0x3FB46,unidentified,3
0x3FBE6,unidentified,2
0x3FC32,unidentified,2
0x3FCBC,unidentified,1
0x3FED2,unidentified,2
0x3FF24,unidentified,3
0x3FF66,unidentified,2
0x3FFD4,unidentified,3
0x40074,unidentified,2
0x400C0,unidentified,2
0x40132,unidentified,2
0x40188,unidentified,1
0x401DE,unidentified,1
0x40224,unidentified,4
0x402A4,unidentified,2
0x402CE,unidentified,4
0x4032A,unidentified,2
0x403B6,unidentified,2
0x4060C,unidentified,3
0x406E4,unidentified,3
0x407D0,unidentified,2
0x4080E,unidentified,1
0x40866,unidentified,3
0x4099A,unidentified,3
0x40B64,unidentified,2
0x40D44,unidentified,2
0x40DB4,unidentified,2
0x40DE2,unidentified,3
0x40F58,unidentified,1
0x40FA4,unidentified,1
0x4102E,unidentified,2
0x4104C,unidentified,2
0x41144,unidentified,3
0x4120E,unidentified,5
0x41278,unidentified,2
0x41526,unidentified,2
0x416BA,unidentified,4
0x41712,unidentified,2
0x4189E,unidentified,10
0x419FC,unidentified,7
0x41BCE,unidentified,1
0x41C0E,unidentified,3
0x41C90,unidentified,3
0x41CD2,unidentified,1
0x41D12,unidentified,3
0x41D94,unidentified,3
0x41ED4,unidentified,2
0x41F6C,unidentified,2
0x421C6,unidentified,1
0x42216,unidentified,1
0x42264,unidentified,3
0x422AE,unidentified,6
0x42384,EVAP purge enable window,10
0x424B2,unidentified,3
0x42556,unidentified,3
0x425C4,unidentified,1
0x429A8,unidentified,1
0x42A90,unidentified,1
0x42B84,unidentified,4
0x42BC6,unidentified,4
0x42C30,unidentified,8
0x42C9A,HO2 high-speed gate,4
0x42D0C,unidentified,2
0x42D56,unidentified,2
0x42D92,unidentified,2
0x42DCE,unidentified,2
0x42DEC,unidentified,1
0x42E80,unidentified,33
0x430B8,unidentified,1
0x436C2,unidentified,8
0x43886,unidentified,2
0x43A16,unidentified,10
0x43B7A,unidentified,8
0x43C1C,unidentified,2
0x43CC0,unidentified,2
0x43EEA,unidentified,7
0x43F1C,unidentified,20
0x43F4E,unidentified,4
0x43FA4,unidentified,2
0x43FFA,unidentified,7
0x4402A,unidentified,4
0x4409A,unidentified,7
0x440CA,unidentified,2
0x4430C,unidentified,2
0x444F8,unidentified,4
0x44886,unidentified,3
0x44A16,unidentified,2
0x44B4C,unidentified,1
0x44B8A,unidentified,1
0x44D1C,unidentified,4
0x44D96,unidentified,4
0x44DF2,unidentified,3
0x44E6E,unidentified,2
0x44F4A,unidentified,17
0x4500A,unidentified,4
0x450A0,unidentified,22
0x4511C,unidentified,8
0x45182,unidentified,5
0x45260,unidentified,2
0x4529C,unidentified,2
0x452D0,unidentified,2
0x45320,base-fuel pressure lookup,36
0x4536C,cylinder base-fuel map lookup,60
0x453B8,fuel-map blend/result,46
0x4543E,fuel finalizer (neutral/clutch select),24
0x454DA,unidentified,13
0x455E6,unidentified,4
0x457EE,unidentified,4
0x45810,start-prime pulse vs ECT,4
0x45832,unidentified,4
0x45860,unidentified,4
0x45884,unidentified,2
0x45910,start-prime pulse vs RPM,4
0x45934,unidentified,3
0x45994,unidentified,2
0x45A1E,unidentified,2
0x45A4E,fuel option routine,4
0x45AB6,unidentified,1
0x45B2A,unidentified,1
0x45BA4,unidentified,1
0x45C18,fuel-factor multiplier,27
0x45DA6,unidentified,1
0x45E92,unidentified,13
0x45FA4,unidentified,1
0x45FEA,unidentified,3
0x460F6,injector pulsewidth clamp,8
0x46354,unidentified,24
0x46408,unidentified,1
0x46464,unidentified,11
0x4650C,accel-enrichment routine,8
0x46650,unidentified,22
0x466AA,unidentified,2
0x4672C,unidentified,1
0x46816,unidentified,2
0x4687C,unidentified,5
0x46946,unidentified,6
0x469BC,unidentified,2
0x46CFA,unidentified,6
0x46D84,unidentified,3
0x46DF2,unidentified,3
0x46E26,unidentified,8
0x46EA0,unidentified,7
0x46F1E,unidentified,3
0x46F7E,unidentified,5
0x4700C,unidentified,1
0x470F8,unidentified,1
0x4714C,unidentified,3
0x47188,unidentified,1
0x47232,unidentified,4
0x47296,key-on prime pulse,2
0x476DC,unidentified,3
0x477B0,fuel-cut helper,3
0x47A52,unidentified,4
0x47A84,unidentified,8
0x47ACA,unidentified,4
0x47AEC,unidentified,4
0x47B6C,IAT air-density correction,4
0x47B9C,unidentified,1
0x47C96,unidentified,1
0x47CAE,unidentified,1
0x47CF4,unidentified,10
0x47D8E,unidentified,2
0x47E04,unidentified,4
0x47ED4,unidentified,2
0x480B2,unidentified,7
0x482B4,unidentified,2
0x482E2,unidentified,1
0x4832E,unidentified,7
0x4836A,unidentified,5
0x483DE,unidentified,1
0x484E0,unidentified,2
0x48594,unidentified,1
0x485C4,unidentified,1
0x48606,unidentified,9
0x48704,unidentified,1
0x48ACC,unidentified,4
0x48F1C,unidentified,14
0x48F7C,unidentified,1
0x490B2,unidentified,1
0x4916E,unidentified,3
0x491BC,MAP/TPS fuel-blend weight,10
0x492B4,unidentified,6
0x4934C,unidentified,4
0x4936C,unidentified,4
0x4938C,unidentified,1
0x49456,unidentified,14
0x49576,unidentified,4
0x4960C,unidentified,2
0x49684,unidentified,1
0x4969C,unidentified,3
0x49702,unidentified,6
0x49752,unidentified,4
0x49784,unidentified,2
0x497CC,unidentified,4
0x49C24,unidentified,1
0x49E10,decel fuel-cut band select,5
0x4A256,decel fuel-cut state machine,4
0x4A318,unidentified,4
0x4A416,unidentified,4
0x4A4CC,unidentified,8
0x4A54E,unidentified,4
0x4A63E,unidentified,8
0x4AB6A,decel fuel-cut tip-in gate,4
0x4ABB6,unidentified,8
0x4ABFC,unidentified,4
0x4AC5C,unidentified,2
0x4ACA2,unidentified,2
0x4ACCE,unidentified,1
0x4AD2E,unidentified,2
0x4AD7A,unidentified,2
0x4AF76,unidentified,2
0x4B07C,unidentified,1
0x4B094,unidentified,1
0x4B12E,unidentified,2
0x4B1A2,unidentified,1
0x4B1EE,unidentified,5
0x4B24A,unidentified,3
0x4B29E,unidentified,2
0x4B2E4,unidentified,4
0x4B346,unidentified,4
0x4B364,unidentified,1
0x4B3AA,unidentified,2
0x4B3FE,unidentified,6
0x4B43A,unidentified,6
0x4B46E,unidentified,4
0x4B528,unidentified,6
0x4B560,unidentified,4
0x4B59A,unidentified,3
0x4B624,unidentified,6
0x4B752,unidentified,1
0x4B76A,unidentified,4
0x4B7C0,unidentified,4
0x4B85E,unidentified,9
0x4B91C,unidentified,2
0x4B9DA,unidentified,12
0x4BAAE,per-cylinder fuel cut,19
0x4BC76,unidentified,32
0x4BF7E,unidentified,2
0x4BF9E,unidentified,12
0x4C00C,unidentified,7
0x4C0D2,unidentified,1
0x4C15E,unidentified,12
0x4C224,unidentified,4
0x4C266,unidentified,7
0x4C2DA,idle-speed control,10
0x4C468,unidentified,2
0x4C51A,unidentified,6
0x4C5AC,ECT ignition compensation,13
0x4C67A,unidentified,37
0x4C9BA,unidentified,4
0x4C9EC,unidentified,2
0x4CA10,unidentified,2
0x4CA4E,unidentified,2
0x4CA72,traction-control speed gate,2
0x4CAA4,unidentified,2
0x4CBD2,unidentified,2
0x4CCAA,unidentified,4
0x4CD6A,unidentified,13
0x4CE34,unidentified,3
0x4CEB6,unidentified,4
0x4CF3C,unidentified,6
0x4D11C,unidentified,1
0x4D246,unidentified,5
0x4D374,unidentified,4
0x4D3C8,unidentified,4
0x4D410,unidentified,4
0x4D458,unidentified,4
0x4D4A4,unidentified,4
0x4D53E,unidentified,8
0x4D602,unidentified,135
0x4D9DE,unidentified,23
0x4DA8E,unidentified,19
0x4DB4C,traction-control speed gate,6
0x4DBD6,unidentified,102
0x4DDFC,unidentified,104
0x4E140,unidentified,1
0x4E2B4,unidentified,20
0x4E59E,unidentified,16
0x4E704,unidentified,8
0x4E73A,unidentified,4
0x4E830,unidentified,3
0x4E860,unidentified,2
0x4E8EE,unidentified,2
0x4E912,unidentified,1
0x4E936,unidentified,1
0x4EA30,unidentified,1
0x4EAA2,unidentified,2
0x4EAEA,unidentified,1
0x4EB0A,unidentified,3
0x4EB5E,unidentified,2
0x4EBA6,unidentified,1
0x4EBC6,unidentified,2
0x4EC50,unidentified,2
0x4EF36,unidentified,13
0x4EFC2,unidentified,10
0x4F058,unidentified,12
0x4F16E,unidentified,2
0x4F180,unidentified,6
0x4F2A0,unidentified,2
0x4F2B8,unidentified,7
0x4F364,unidentified,2
0x4F3A0,unidentified,7
0x4F408,unidentified,1
0x4F64C,unidentified,1
0x4F7A2,unidentified,8
0x4F886,unidentified,2
0x4FA02,ignition-output per-cylinder,32
0x4FBCC,ignition coil-inhibit (spark cut),11
0x4FD0E,unidentified,7
0x4FDBE,unidentified,2
0x4FE00,unidentified,8
0x4FEA4,unidentified,2
0x4FEF4,unidentified,6
0x4FFA2,unidentified,2
0x4FFEC,unidentified,4
0x5002C,unidentified,1
0x5006A,unidentified,2
0x500A8,unidentified,11
0x50152,unidentified,1
0x5018A,unidentified,1
0x50258,unidentified,1
0x50306,unidentified,5
0x503FE,unidentified,6
0x504EC,unidentified,7
0x505DA,unidentified,5
0x50612,unidentified,11
0x50766,unidentified,2
0x507DE,unidentified,2
0x5087C,unidentified,1
0x50930,unidentified,2
0x509A2,ride-mode variant feature,36
0x50ACA,unidentified,2
0x50BA2,unidentified,4
0x50C92,unidentified,6
0x50CEC,unidentified,2
0x50DD4,unidentified,2
0x50E38,unidentified,2
0x50EE2,unidentified,1
0x50F52,unidentified,10
0x51104,unidentified,4
0x51134,unidentified,4
0x511D8,unidentified,2
0x51208,unidentified,2
0x51238,unidentified,2
0x51272,unidentified,12
0x5130C,unidentified,12
0x5140A,unidentified,2
0x5145C,unidentified,24
0x5150E,unidentified,2
0x51604,unidentified,8
0x5167E,unidentified,1
0x5171C,unidentified,15
0x517B4,unidentified,21
0x518EC,unidentified,6
0x51A38,unidentified,1
0x51A90,ignition gear/mode select,2
0x51B02,unidentified,13
0x51B8E,unidentified,4
0x51BDE,unidentified,2
0x51C8C,unidentified,2
0x51CB0,unidentified,6
0x51D28,unidentified,13
0x51D92,unidentified,13
0x51DFC,unidentified,6
0x51E86,unidentified,4
0x51F14,unidentified,9
0x51F8C,unidentified,10
0x520E0,unidentified,10
0x52166,unidentified,6
0x52218,unidentified,4
0x52266,ignition saturating clamp,11
0x523A0,unidentified,13
0x52404,unidentified,13
0x52468,unidentified,13
0x52526,unidentified,19
0x525A0,unidentified,16
0x525EE,unidentified,18
0x5262A,unidentified,17
0x52688,unidentified,8
0x5271E,unidentified,2
0x5275A,unidentified,12
0x5286E,unidentified,4
0x528A6,unidentified,15
0x52A2C,unidentified,4
0x52A4E,unidentified,4
0x52A70,unidentified,1
0x52AEA,unidentified,2
0x52B5E,unidentified,8
0x52C1E,unidentified,6
0x52C7C,unidentified,3
0x52CD4,unidentified,16
0x52D34,unidentified,2
0x52DFA,unidentified,4
0x52E5C,unidentified,1
0x52E9A,unidentified,4
0x52EE4,unidentified,4
0x52F74,unidentified,10
0x5303C,unidentified,4
0x5307C,unidentified,6
0x53130,unidentified,2
0x531EE,unidentified,6
0x5321A,unidentified,4
0x53264,unidentified,8
0x532D0,unidentified,9
0x53538,unidentified,5
0x5367C,unidentified,1
0x5368E,unidentified,2
0x536CE,unidentified,4
0x53790,unidentified,4
0x537D6,unidentified,9
0x5384A,unidentified,4
0x538C4,unidentified,4
0x53B4A,unidentified,12
0x53C2E,unidentified,16
0x53D8A,unidentified,2
0x53DD8,unidentified,16
0x53F00,unidentified,4
0x53F5A,unidentified,2
0x53FAC,unidentified,16
0x54094,unidentified,4
0x54172,unidentified,1
0x541AC,unidentified,2
0x541E6,unidentified,8
0x5425E,unidentified,4
0x546CA,unidentified,6
0x5477A,unidentified,6
0x54824,unidentified,1
0x54890,unidentified,2
0x548CC,unidentified,1
0x548E4,unidentified,2
0x5492C,unidentified,1
0x549A4,unidentified,8
0x54A34,unidentified,4
0x54A8A,unidentified,2
0x54AA2,unidentified,4
0x54AF8,unidentified,2
0x54B10,unidentified,4
0x54B66,unidentified,2
0x5502E,unidentified,3
0x550CE,unidentified,1
0x5518E,unidentified,9
0x5543A,unidentified,1
0x554FE,unidentified,1
0x556CA,unidentified,6
0x557AC,unidentified,1
0x55834,unidentified,1
0x558E2,unidentified,1
0x55A4E,unidentified,1
0x55ABE,unidentified,2
0x55B14,unidentified,2
0x55B88,unidentified,2
0x55BE0,unidentified,2
0x55C12,unidentified,2
0x55C88,unidentified,2
0x55DA2,unidentified,2
0x55DE4,unidentified,2
0x55EE2,unidentified,1
0x5602C,unidentified,3
0x56056,unidentified,4
0x5607E,unidentified,4
0x560A6,unidentified,3
0x560D0,unidentified,4
0x56106,unidentified,4
0x5627E,rear-speed/odometer calc,2
0x56310,unidentified,2
0x563A8,unidentified,2
0x56502,unidentified,2
0x56538,unidentified,2
0x566AC,unidentified,8
0x56768,unidentified,3
0x567BE,unidentified,10
0x5698E,unidentified,10
0x56A54,unidentified,5
0x56AD6,unidentified,2
0x59CF4,unidentified,2
0x59D5A,unidentified,1
0x59DC0,unidentified,1
0x5ABA4,unidentified,1
0x5ACB0,unidentified,2
0x5AE5A,unidentified,7
0x5AEE6,unidentified,1
0x5AF26,unidentified,2
0x5AF98,unidentified,4
0x5AFF4,unidentified,2
0x5B028,unidentified,3
0x5B082,unidentified,4
0x5B218,unidentified,2
0x5B264,unidentified,2
0x5B488,unidentified,19
0x5B702,unidentified,1
0x5B74C,unidentified,5
0x5B7A6,unidentified,1
0x5B83E,unidentified,2
0x5B9B0,unidentified,2
0x5BA0A,unidentified,2
0x5BA5E,unidentified,4
0x5BAA0,unidentified,3
0x5BAE2,unidentified,6
0x5BB50,unidentified,2
0x5BCF2,unidentified,6
0x5BDB4,5 ms starter task,0
0x5BF9A,unidentified,1
0x5BFF0,unidentified,5
0x5C020,unidentified,8
0x5C086,unidentified,4
0x5C0B6,unidentified,8
0x5C12A,unidentified,2
0x5C15E,unidentified,5
0x5C1E2,unidentified,4
0x5C212,unidentified,8
0x5C278,unidentified,4
0x5C2A8,unidentified,8
0x5C33C,unidentified,4
0x5C36C,unidentified,1
0x5C3C8,unidentified,4
0x5C466,unidentified,4
0x5C59C,unidentified,2
0x5C610,unidentified,1
0x5C660,unidentified,2
0x5C76A,unidentified,4
0x5C79A,unidentified,4
0x5C7CA,unidentified,4
0x5C7FA,unidentified,4
0x5C82A,unidentified,4
0x5C85A,unidentified,5
0x5C918,unidentified,4
0x5C9C2,unidentified,4
0x5CA80,unidentified,3
0x5CB28,unidentified,2
0x5CB9A,unidentified,4
0x5CBFC,unidentified,2
0x5CC26,unidentified,2
0x5CD26,unidentified,2
0x5CD5A,unidentified,3
0x5CDEC,unidentified,2
0x5CF20,unidentified,3
0x5CF3A,unidentified,2
0x5CF6E,unidentified,4
0x5CFB0,unidentified,6
0x5D1B4,unidentified,4
0x5D1E8,unidentified,4
0x5D20C,unidentified,4
0x5D230,unidentified,8
0x5D44C,unidentified,2
0x5D494,unidentified,4
0x5D4B6,unidentified,3
0x5D514,unidentified,2
0x5D666,unidentified,1
0x5D6B6,unidentified,10
0x5D7BC,unidentified,1
0x5D7FE,unidentified,1
0x5D840,unidentified,5
0x5D8B0,unidentified,11
0x5D986,unidentified,1
0x5D9E0,unidentified,3
0x5DA62,unidentified,1
0x5DAA2,unidentified,6
0x5DB5E,PAIR/EVAP output mapper,1
0x5DCAA,unidentified,1
0x5E148,unidentified,4
0x5E16C,unidentified,4
0x5E1BA,unidentified,5
0x5E296,unidentified,4
0x5E47C,unidentified,4
0x5E4E8,unidentified,4
0x5E564,unidentified,8
0x5E5C4,unidentified,4
0x5E606,unidentified,4
0x5E64C,unidentified,10
0x5E788,unidentified,8
0x5E7FE,unidentified,4
0x5E85C,unidentified,4
0x5E9D8,unidentified,4
0x5EA12,unidentified,7
0x5EA9E,unidentified,9
0x5EB58,unidentified,5
0x5EC50,unidentified,1
0x5EC76,unidentified,2
0x5EC9C,unidentified,4
0x5ECCC,unidentified,3
0x5ED1A,unidentified,13
0x5EE36,unidentified,3
0x5EFFE,unidentified,8
0x60642,unidentified,24
0x62E22,unidentified,4
0x62F32,unidentified,3
0x63230,unidentified,6
0x632BA,unidentified,8
0x63312,unidentified,1
0x636D6,unidentified,3
0x63890,unidentified,9
0x63AAE,unidentified,6
0x63BDA,unidentified,14
0x63D6C,unidentified,2
0x63E02,unidentified,2
0x646EC,unidentified,3
0x682D6,unidentified,3
0x69972,unidentified,7
0x69A5A,unidentified,6
0x69AE8,unidentified,2
0x69B6C,unidentified,2
0x69B96,unidentified,2
0x69BC6,PAIR command state machine,0
0x69C02,unidentified,8
0x69CC6,unidentified,3
0x69DD2,unidentified,6
0x69F02,unidentified,1
0x69F9E,unidentified,2
0x6A000,unidentified,2
0x6A156,unidentified,1
0x6A2C2,unidentified,4
0x6A378,unidentified,2
0x6A3A6,unidentified,2
0x6A424,unidentified,8
0x6A4B0,unidentified,2
0x6A554,unidentified,2
0x6A616,unidentified,6
0x6A6AC,unidentified,3
0x6A6CA,unidentified,18
0x6A82A,unidentified,8
0x6A89C,unidentified,10
0x6A8EE,unidentified,4
0x6A926,ride-mode limit curve,10
0x6A980,unidentified,7
0x6AB0A,unidentified,12
0x6ABC6,unidentified,14
0x6AD3C,unidentified,16
0x6AE4E,unidentified,4
0x6AF06,unidentified,1
0x6AF48,unidentified,2
0x6AF66,unidentified,2
0x6AFA2,unidentified,2
0x6AFFA,unidentified,3
0x6B092,unidentified,3
0x6B150,unidentified,1
0x6B18E,unidentified,29
0x6B1F0,unidentified,4
0x6B298,unidentified,8
0x6B352,unidentified,6
0x6B51A,unidentified,10
0x6B62E,unidentified,3
0x6B70E,unidentified,9
0x6B86E,unidentified,2
0x6B8AE,unidentified,10
0x6B9BC,unidentified,5
0x6BA2E,ride-mode threshold map,18
0x6BBC4,unidentified,2
0x6BC18,unidentified,10
0x6C5DA,unidentified,6
0x6C722,unidentified,2
0x6C75C,unidentified,4
0x6CBDE,unidentified,8
0x6CCE6,unidentified,2
0x6CFA6,unidentified,4
0x6D110,unidentified,1
0x6D158,unidentified,2
0x6D184,unidentified,7
0x6D226,unidentified,2
0x6D270,unidentified,1
0x6D29C,unidentified,4
0x6D2C0,unidentified,4
0x6D348,unidentified,2
0x6D3B4,unidentified,8
0x6D508,unidentified,1
0x6D57A,unidentified,29
0x6DB2A,unidentified,6
0x6DC42,unidentified,2
0x6DD00,unidentified,4
0x6DD46,unidentified,4
0x6DD8C,unidentified,4
0x6DDD2,unidentified,4
0x6DE18,unidentified,4
0x6DE5E,unidentified,4
0x6DEA4,unidentified,4
0x6E1E0,unidentified,5
0x6E3BA,unidentified,4
0x6E5B4,unidentified,4
0x6E7AE,unidentified,4
0x6E9A8,unidentified,4
0x6EBA2,unidentified,4
0x6ED98,unidentified,4
0x6EF8C,unidentified,1
0x6F0E0,unidentified,4
0x6F1DA,unidentified,4
0x6F26A,unidentified,2
0x6F2F0,unidentified,2
0x6F786,unidentified,28
0x6F9C6,unidentified,1
0x6FA18,unidentified,2
0x6FA8A,unidentified,2
0x70262,unidentified,2
0x70A16,unidentified,2
0x711C2,unidentified,6
0x71234,unidentified,6
0x71422,unidentified,1
0x7195A,unidentified,2
0x71A42,unidentified,4
0x725EE,unidentified,6
0x72656,unidentified,2
0x72698,unidentified,1
0x72812,unidentified,8
0x72B1C,unidentified,4
0x72B68,unidentified,4
0x72BB4,unidentified,2
0x72EBC,unidentified,3
0x7300A,unidentified,3
0x7316A,unidentified,2
0x731A0,unidentified,2
0x731FC,unidentified,8
0x732A8,unidentified,4
0x73322,unidentified,4
0x733CC,unidentified,2
0x73406,unidentified,2
0x73480,unidentified,2
0x734BA,unidentified,2
0x735F2,unidentified,2
0x736B2,unidentified,2
0x73714,unidentified,10
0x7386A,unidentified,2
0x738BC,unidentified,1
0x73902,unidentified,8
0x73988,unidentified,2
0x73A3E,unidentified,2
0x73A86,unidentified,1
0x73AC4,unidentified,4
0x73B00,unidentified,4
0x73B52,START/starter switch read,4
0x73BA6,unidentified,1
0x73FD2,unidentified,4
0x740A6,unidentified,9
0x74218,unidentified,2
0x74252,unidentified,2
0x742E2,unidentified,3
0x743C0,unidentified,1
0x7446A,neutral/clutch-in flag,49
0x745E0,unidentified,2
0x7461E,unidentified,2
0x74670,unidentified,2
0x746B6,unidentified,4
0x7472E,unidentified,3
0x747B6,unidentified,2
0x74B4A,unidentified,3
0x74D12,unidentified,1
0x75038,unidentified,2
0x7522E,unidentified,3
0x75262,unidentified,21
0x75570,unidentified,6
0x75644,unidentified,5
0x756EC,unidentified,16
0x759CA,unidentified,1
0x759F4,unidentified,1
0x75B32,unidentified,1
0x75B66,unidentified,1
0x75C68,unidentified,4
0x75CBA,unidentified,8
0x75E8A,unidentified,2
0x75F50,unidentified,1
0x75FF0,unidentified,3
0x7604C,unidentified,2
0x7626A,unidentified,3
0x7631E,unidentified,2
0x76390,unidentified,1
0x763D4,unidentified,4
0x76406,unidentified,6
0x76444,unidentified,2
0x764C4,unidentified,6
0x76502,unidentified,2
0x76556,unidentified,3
0x76640,unidentified,6
0x766EC,unidentified,4
0x76766,unidentified,4
0x76808,unidentified,2
0x76850,unidentified,2
0x768C0,unidentified,11
0x76A46,unidentified,6
0x76BCC,unidentified,2
0x76D06,unidentified,6
0x76D84,unidentified,4
0x76DE6,unidentified,14
0x76EA0,unidentified,5
0x76F44,front wheel-speed calc,6
0x77000,front wheel-speed average,2
0x770A8,rear wheel-speed calc,5
0x77184,rear wheel-speed average,2
0x7722C,unidentified,7
0x77330,unidentified,12
0x77474,unidentified,7
0x774E8,unidentified,2
0x77568,unidentified,7
0x77636,unidentified,2
0x7772E,unidentified,11
0x777DE,unidentified,2
0x7782A,unidentified,1
0x77850,unidentified,1
0x77876,unidentified,1
0x7789C,unidentified,1
0x778C2,unidentified,6
0x778E8,unidentified,7
0x7790E,unidentified,2
0x77934,unidentified,3
0x77A72,unidentified,3
0x77A98,unidentified,3
0x77ABE,unidentified,3
0x77AE4,unidentified,3
0x77BC8,unidentified,1
0x77BEE,unidentified,2
0x77D5C,unidentified,1
0x77DA8,unidentified,1
0x77F24,unidentified,4
0x7804E,unidentified,2
0x780F6,unidentified,6
0x78862,unidentified,10
0x7891E,unidentified,10
0x78AA6,unidentified,5
0x78B8C,unidentified,2
0x78BD2,unidentified,2
0x78C18,unidentified,2
0x78C5E,unidentified,2
0x78DB6,unidentified,2
0x7950C,unidentified,6
0x79582,unidentified,6
0x79622,unidentified,2
0x7968A,unidentified,2
0x796BE,unidentified,1
0x796CC,unidentified,1
0x79724,unidentified,4
0x79748,unidentified,1
0x79A14,unidentified,18
0x79C22,unidentified,10
0x79DB4,unidentified,4
0x79EAA,unidentified,2
0x79F6A,unidentified,6
0x7A0D6,unidentified,7
0x7A202,unidentified,6
0x7A328,unidentified,12
0x7A43E,unidentified,8
0x7A4E6,unidentified,1
0x7A5C8,unidentified,3
0x7A638,unidentified,2
0x7A730,unidentified,4
0x7A7CA,unidentified,5
0x7A86E,unidentified,2
0x7A89E,unidentified,3
0x7A8D4,unidentified,4
0x7A92C,unidentified,2
0x7A976,gear calculation,18
0x7AA94,unidentified,2
0x7AAB8,unidentified,2
0x7ABE0,unidentified,2
0x7AC80,unidentified,5
0x7AD00,unidentified,7
0x7ADA0,unidentified,12
0x7AE3A,unidentified,4
0x7AE64,unidentified,9
0x7AF06,unidentified,9
0x7B088,unidentified,4
0x7B0D2,unidentified,2
0x7B134,unidentified,11
0x7B1B0,unidentified,28
0x7B42E,unidentified,10
0x7B4E6,unidentified,7
0x7B558,unidentified,4
0x7B582,unidentified,2
0x7B5D8,unidentified,5
0x7B8A0,unidentified,4
0x7B8C6,unidentified,4
0x7B8EC,unidentified,1
0x7BA02,unidentified,2
0x7BB56,unidentified,4
0x7BC5E,unidentified,11
0x7BD7E,unidentified,10
0x7BEAC,unidentified,2
0x7BF48,unidentified,6
0x7C024,unidentified,6
0x7C0F0,unidentified,1
0x7C108,unidentified,11
0x7C214,unidentified,6
0x7C4CE,unidentified,84
0x7C50E,unidentified,1
0x7C570,unidentified,13
0x7C5A2,unidentified,6
0x7C5D4,unidentified,4
0x7C62A,unidentified,18
0x7C788,unidentified,10
0x7C7D6,unidentified,2
0x7C8C2,unidentified,27
0x7C8F4,unidentified,22
0x7C944,unidentified,25
0x7C988,unidentified,22
0x7CBAC,unidentified,3
0x7CBD0,unidentified,3
0x7CC3E,unidentified,4
0x7CDA2,unidentified,12
0x7CE5C,unidentified,4
0x7CEA6,unidentified,10
0x7D014,unidentified,1
0x7D02C,unidentified,33
0x7D03A,unidentified,1
0x7D078,unidentified,7
0x7D0CC,unidentified,8
0x7D186,unidentified,2
0x7D84E,unidentified,6
0x7DD24,unidentified,7
0x7DE20,unidentified,4
0x7E02A,unidentified,2
0x7E18A,unidentified,4
0x7E4E0,unidentified,1
0x7E9DC,unidentified,4
0x7EB02,unidentified,4
0x7EC02,unidentified,2
0x7F000,unidentified,25
0x7F0FA,unidentified,2
0x7F14E,unidentified,4
0x7F32A,unidentified,7
0x7F430,unidentified,12
0x7F47A,unidentified,2
0x7F4C2,unidentified,6
0x7F512,unidentified,2
0x7F556,unidentified,4
0x7F580,unidentified,2
0x7F5BE,unidentified,4
0x7F61C,unidentified,6
0x7F678,unidentified,1
0x7F786,unidentified,2
0x7F7DA,unidentified,4
0x7F86C,unidentified,6
0x7F8D4,unidentified,8
0x7F916,unidentified,4
0x7F964,unidentified,2
0x7F99C,unidentified,2
0x7FA26,unidentified,4
0x7FA5A,unidentified,2
0x7FA8E,unidentified,2
0x7FAD6,unidentified,3
0x7FB38,unidentified,3
0x7FB74,unidentified,3
0x7FC10,unidentified,1
0x7FC6A,unidentified,4
0x7FE48,unidentified,4
0x7FE6A,unidentified,2
0x7FECC,unidentified,4
0x7FF78,unidentified,3
0x7FF9E,unidentified,8
0x80274,unidentified,2
0x802FA,unidentified,4
0x803DC,unidentified,5
0x805E0,unidentified,2
0x80FFC,unidentified,24
0x81086,unidentified,24
0x81110,unidentified,24
0x8119A,unidentified,24
0x81224,unidentified,24
0x812AE,unidentified,24
0x81338,unidentified,24
0x813C2,unidentified,24
0x81480,unidentified,4
0x814A2,unidentified,4
0x817F8,unidentified,17
0x818F6,unidentified,16
0x819F4,unidentified,16
0x81AF2,unidentified,16
0x81BF0,unidentified,16
0x81CEE,unidentified,16
0x81DEC,unidentified,16
0x81EEA,unidentified,16
0x82108,unidentified,6
0x8217E,unidentified,6
0x821F4,unidentified,9
0x82462,unidentified,2
0x82AEC,unidentified,1
0x83094,unidentified,14
0x83166,unidentified,7
0x83880,unidentified,2
0x83CEA,unidentified,2
0x83F98,unidentified,12
0x85C44,unidentified,4
0x85DB2,unidentified,2
0x8600C,unidentified,4
0x8617A,unidentified,2
0x86A44,unidentified,2
0x86BCC,unidentified,1
0x87B58,unidentified,4
0x87CB6,unidentified,2
0x87F2A,unidentified,4
0x88092,unidentified,2
0x8885E,unidentified,2
0x889E6,unidentified,1
0x899DE,unidentified,2
0x89B7A,unidentified,1
0x89DE0,unidentified,2
0x89F7C,unidentified,1
0x8B464,unidentified,2
0x8B5EC,unidentified,1
0x8BBA4,unidentified,2
0x8BDB2,unidentified,1
0x8BF64,unidentified,4
0x8CD18,unidentified,1
0x8CE5C,unidentified,2
0x8CF84,unidentified,2
0x8CFE2,unidentified,2
0x8D37A,unidentified,6
0x8D5FC,unidentified,5
0x8D652,unidentified,2
0x8D7FA,unidentified,3
0x8D84E,unidentified,168
0x8D8E4,ADC channel selector,66
0x8E210,unidentified,4
0x8E2D6,unidentified,4
0x8E3B2,unidentified,4
0x8E3DE,unidentified,8
0x8E4FE,unidentified,2
0x8E5C4,unidentified,7
0x8E6D2,unidentified,1
0x8E6F2,unidentified,8
0x8E76C,unidentified,3
0x8EA52,unidentified,8
0x8EFA2,unidentified,1
0x8F0F0,unidentified,32
0x8F3BA,unidentified,4
0x8F632,unidentified,2
0x8F7E4,unidentified,9
0x8F9EE,unidentified,9
0x8FE1A,unidentified,16
0x8FEF6,unidentified,16
0x90116,unidentified,51
0x9012E,unidentified,140
0x9016C,unidentified,16
0x90348,unidentified,4
0x90376,unidentified,4
0x903A4,unidentified,4
0x9053A,unidentified,34
0x90700,unidentified,34
0x908C6,unidentified,1
0x90BC6,unidentified,4
0x90BEE,unidentified,2
0x90C04,unidentified,4
0x90C26,unidentified,4
0x90D6C,unidentified,4
0x90D94,unidentified,2
0x90DAA,unidentified,2
0x90DC0,unidentified,4
0x90DE2,unidentified,4
0x90E0A,unidentified,4
0x9104E,unidentified,4
0x91320,unidentified,8
0x91826,unidentified,100
0x9191C,unidentified,1
0x91954,unidentified,12
0x91960,unidentified,3
0x919AA,unidentified,1
0x919B6,unidentified,20
0x919C2,unidentified,59
0x919D6,unidentified,1
0x91A30,unidentified,14
0x91A46,unidentified,2
0x91A6C,unidentified,3
0x91A82,unidentified,108
0x91A92,unidentified,19
0x91AA4,unidentified,2
0x91AB6,unidentified,17
0x91ACA,unidentified,6
0x91D8A,unidentified,6
0x91DDE,unidentified,3
0x9236E,unidentified,2
0x924AE,unidentified,2
0x924B8,unidentified,2
0x93464,unidentified,4
0x938A8,unidentified,80
0x9393A,unidentified,10
0x93E86,unidentified,4
0x941AC,unidentified,80
0x943D2,unidentified,1
0x9446E,unidentified,4
0x95EDC,unidentified,2
0x95F08,unidentified,4
0x95F86,unidentified,2
0x96008,unidentified,4
0x97726,unidentified,2
0x97856,unidentified,2
0x978FC,unidentified,1
0x97B2A,unidentified,1
0x97C6C,unidentified,3
0x97CAA,unidentified,3
0x97D5E,unidentified,1
0x97E0A,unidentified,1
0x97EF2,unidentified,2
0x98016,unidentified,1
0x980B2,unidentified,2
0x987FA,unidentified,3
0x988C0,unidentified,2
0x988E0,unidentified,4
0x98BBA,unidentified,1
0x98C6C,unidentified,1
0x98D6C,unidentified,2
0x9901A,unidentified,8
0x991AE,unidentified,1
0x992E4,unidentified,7
0x99394,unidentified,6
0x9951E,unidentified,1
0x997F6,unidentified,1
0x999F0,unidentified,3
0x99AAA,unidentified,2
0x99CF4,unidentified,3
0x99E2A,unidentified,80
0x9A65A,unidentified,5
0x9A752,unidentified,1
0x9B3F4,unidentified,4
0x9B4AC,unidentified,1
0x9B4F4,unidentified,1
0x9B9A6,unidentified,4
0x9BF20,unidentified,4
0x9BFD8,unidentified,8
0x9C1B8,unidentified,4
0x9C9A2,unidentified,1
0x9CB3C,unidentified,4
0x9CC1A,unidentified,2
0x9D1D0,unidentified,2
0x9D548,unidentified,1
0x9DA94,unidentified,1
0x9DB60,unidentified,2
0x9DC02,unidentified,1
0x9E0DA,unidentified,1
0x9E3B0,unidentified,1
0x9F3E8,unidentified,4
0x9F4E4,unidentified,6
0x9F56C,unidentified,4
0x9F5AC,unidentified,4
0x9F5EC,unidentified,4
0x9F614,unidentified,1
0x9F7EA,unidentified,3
0x9F972,unidentified,7
0x9FBB8,unidentified,1
0x9FEC6,unidentified,1
0xA0068,unidentified,1
0xA00BE,unidentified,1
0xA06DE,unidentified,2
0xA0B86,unidentified,2
0xA1AC4,unidentified,2
0xA1E40,unidentified,2
0xA2124,unidentified,2
0xA2180,unidentified,1
0xA2242,unidentified,10
0xA257C,unidentified,3
0xA25BC,unidentified,8
0xA2604,unidentified,1
0xA27DE,unidentified,4
0xA29D8,unidentified,6
0xA2A3E,unidentified,2
0xA2C66,unidentified,2
0xA2D48,unidentified,2
0xA2D86,unidentified,5
0xA2F7C,unidentified,2
0xA3138,unidentified,6
0xA351C,unidentified,4
0xA3644,unidentified,4
0xA3674,unidentified,3
0xA36DA,unidentified,1
0xA36F2,unidentified,3
0xA397A,unidentified,7
0xA3C4A,unidentified,1
0xA3FAE,unidentified,2
0xA40DE,unidentified,3
0xA41D8,unidentified,2
0xA424A,unidentified,4
0xA42FC,unidentified,9
0xA43B6,unidentified,2
0xA441C,unidentified,8
0xA4446,unidentified,1
0xA449E,unidentified,7
0xA6310,unidentified,1
0xAA8B2,unidentified,4
0xAA982,unidentified,2
0xAA9FA,unidentified,2
0xAAA84,unidentified,3
0xAAB6E,unidentified,2
0xAB16C,unidentified,6
0xAB39E,unidentified,3
0xAB5A2,unidentified,3
0xABBEA,unidentified,2
0xABCFA,unidentified,2
0x15B4AC,unidentified,1
