descriptor,dims,reader_fns,traced_axes,subsystem
0x150958,7x0,0x02a26c,gear(0xFEBF6442),Gear-indexed correction
0x15096C,7x0,0x02a652,gear(0xFEBF6442),Gear-indexed correction
0x150980,7x0,0x02a2ba,gear(0xFEBF6442),Gear-indexed correction
0x150994,7x0,0x02a2ba,gear(0xFEBF6442),Gear-indexed correction
0x150E70,9x0,0x02da0e,signed sensor (lean/pitch/rate(0xFEBF6430),"(reader known, role TBD)"
0x150EA0,14x7,0x02a2ba,(axis via locals/pointer - reader 02a2ba),"(reader known, axis indirect)"
0x150ED8,14x7,0x02a2ba,(axis via locals/pointer - reader 02a2ba),"(reader known, axis indirect)"
0x150F10,14x7,0x02a2ba,(axis via locals/pointer - reader 02a2ba),"(reader known, axis indirect)"
0x150F48,14x7,0x02a2ba,(axis via locals/pointer - reader 02a2ba),"(reader known, axis indirect)"
0x1511F4,23x39,0x02815e,?63E4(0xFEBF63E4) x RPM(0xFEBF637A),RPM-indexed correction
0x15144C,11x0,0x029ce4,(unresolved locals),"(reader known, role TBD)"
0x155018,8x0,0x03f1ce,baro(0xFEBF6394),Baro/Altitude Correction
0x15502C,8x0,0x03f1ce,baro(0xFEBF6394),Baro/Altitude Correction
0x155040,11x7,0x0428f8,IAT(0xFEBF6443),IAT correction
0x15505C,5x21,0x04296c,baro(0xFEBF6394) x RPM(0xFEBF637A),Baro/Altitude Correction
0x15508C,10x20,0x045be0,?63E0(0xFEBF63E0) x RPM(0xFEBF637A),Sensor-scaled correction
0x1550BC,10x20,0x045be0,?63EC(0xFEBF63EC) x RPM(0xFEBF637A),Sensor-scaled correction
0x1550EC,10x0,"0x045e64,0x154fa4",IAT(0xFEBF6443),IAT correction
0x155100,5x0,0x045ab6,(unresolved locals),"(reader known, role TBD)"
0x155114,5x0,0x045ab6,(unresolved locals),"(reader known, role TBD)"
0x155128,5x0,-,(no code reader found),referenced indirectly (no direct reader fn)
0x15513C,5x0,-,"(orphan: data table, not read by code)",unreferenced
0x155150,5x0,-,(no code reader found),referenced indirectly (no direct reader fn)
0x155164,5x0,-,"(orphan: data table, not read by code)",unreferenced
0x155178,5x0,-,(no code reader found),referenced indirectly (no direct reader fn)
0x15518C,5x0,-,"(orphan: data table, not read by code)",unreferenced
0x1551A0,5x0,-,(no code reader found),referenced indirectly (no direct reader fn)
0x1551B4,5x0,-,"(orphan: data table, not read by code)",unreferenced
0x1551C8,5x0,-,(no code reader found),referenced indirectly (no direct reader fn)
0x1551DC,5x0,-,"(orphan: data table, not read by code)",unreferenced
0x1551F0,5x0,-,"(orphan: data table, not read by code)",unreferenced
0x155204,5x0,-,"(orphan: data table, not read by code)",unreferenced
0x155218,7x0,"0x03a062,0x03a32e",ESD command(0xFEBF62BC),Steering Damper diagnostic
0x15522C,7x0,"0x03a1b6,0x03a32e",ESD command(0xFEBF62BC),Steering Damper diagnostic
0x1562A0,16x0,0x05059a,baro?(0xFEBF6388),Sensor/monitor threshold
0x1562B4,16x0,0x05059a,baro?(0xFEBF6388),Sensor/monitor threshold
0x15654C,7x0,0x0525c0,gear(0xFEBF6442),Gear-indexed correction
0x156668,7x0,-,(no code reader found),referenced indirectly (no direct reader fn)
0x15667C,7x0,-,"(orphan: data table, not read by code)",unreferenced
0x156690,7x0,-,(no code reader found),referenced indirectly (no direct reader fn)
0x1566A4,7x0,-,"(orphan: data table, not read by code)",unreferenced
0x1566B8,7x0,-,(no code reader found),referenced indirectly (no direct reader fn)
0x1566CC,7x0,-,"(orphan: data table, not read by code)",unreferenced
0x1566E0,7x0,-,(no code reader found),referenced indirectly (no direct reader fn)
0x1566F4,7x0,-,"(orphan: data table, not read by code)",unreferenced
0x1567A8,7x0,-,(no code reader found),referenced indirectly (no direct reader fn)
0x1567BC,7x0,-,"(orphan: data table, not read by code)",unreferenced
0x1567D0,7x0,-,(no code reader found),referenced indirectly (no direct reader fn)
0x1567E4,7x0,-,"(orphan: data table, not read by code)",unreferenced
0x1567F8,7x0,-,(no code reader found),referenced indirectly (no direct reader fn)
0x15680C,7x0,-,"(orphan: data table, not read by code)",unreferenced
0x156820,7x0,-,(no code reader found),referenced indirectly (no direct reader fn)
0x156834,7x0,-,"(orphan: data table, not read by code)",unreferenced
0x156F68,7x7,0x04a886,(axis via locals/pointer - reader 04a886),"(reader known, axis indirect)"
0x156F84,7x7,0x04a886,(axis via locals/pointer - reader 04a886),"(reader known, axis indirect)"
0x156FA0,7x7,0x04a9c8,(axis via locals/pointer - reader 04a9c8),"(reader known, axis indirect)"
0x156FBC,7x7,0x04a9c8,(axis via locals/pointer - reader 04a9c8),"(reader known, axis indirect)"
0x157CE8,10x0,0x04bdda,throttle / load (raw 53..160)(0xFEBF6441),"(reader known, role TBD)"
0x157CFC,16x0,0x04bb92,(axis via locals/pointer - reader 04bb92),"(reader known, axis indirect)"
0x157D38,10x0,0x04becc,main speed(0xFEBF63F0),Engine speed-model
0x157D4C,12x0,0x04bf78,(axis via locals/pointer - reader 04bf78),"(reader known, axis indirect)"
0x157D88,10x0,0x04c1b2,(unresolved locals),"(reader known, role TBD)"
0x157DC4,10x0,0x04c1b2,(unresolved locals),"(reader known, role TBD)"
0x157DD8,11x0,0x04c236,(axis via locals/pointer - reader 04c236),"(reader known, axis indirect)"
0x157DEC,11x0,0x04c236,(axis via locals/pointer - reader 04c236),"(reader known, axis indirect)"
0x157E28,10x0,"0x04c236,0x04c29e,0x04c34e",(unresolved locals),"(reader known, role TBD)"
0x157E3C,12x0,0x04c29e,(axis via locals/pointer - reader 04c29e),"(reader known, axis indirect)"
0x157E50,12x0,0x04c29e,(axis via locals/pointer - reader 04c29e),"(reader known, axis indirect)"
0x157E8C,10x10,0x04becc,?63EC(0xFEBF63EC) x RPM(0xFEBF637A),Engine speed-model
0x167C58,15x5,0x05851e,ECT(0xFEBF6440) x RPM(0xFEBF637E),Warmup/Temp Correction
0x167C74,15x5,0x05851e,ECT(0xFEBF6440) x RPM(0xFEBF637E),Warmup/Temp Correction
0x167C90,15x5,0x05851e,ECT(0xFEBF6440) x RPM(0xFEBF637E),Warmup/Temp Correction
0x167CAC,15x5,0x05851e,ECT(0xFEBF6440) x RPM(0xFEBF637E),Warmup/Temp Correction
0x167D94,11x0,0x054792,TC level(0xFEBF6459),Traction Control
0x17051C,22x0,0x05ae4a,ECT(0xFEBF6440),Warmup/Temp Correction
0x1705D8,22x0,0x05a07a,ECT(0xFEBF6440),Warmup/Temp Correction
0x170644,22x0,0x05b2a2,(axis via locals/pointer - reader 05b2a2),"(reader known, axis indirect)"
0x1706B0,22x0,0x05b2a2,(axis via locals/pointer - reader 05b2a2),"(reader known, axis indirect)"
0x17071C,22x0,0x05b2a2,(axis via locals/pointer - reader 05b2a2),"(reader known, axis indirect)"
0x1714E0,15x0,0x07a96e,RPM(0xFEBF637A),RPM-indexed correction
0x1714F4,15x0,0x07a96e,RPM(0xFEBF637A),RPM-indexed correction
0x171540,14x0,0x07aa60,throttle / load (raw 53..160)(0xFEBF6441),"(reader known, role TBD)"
0x171554,15x0,0x07ab00,RPM(0xFEBF637A),RPM-indexed correction
0x171598,10x14,0x07abf8,(axis via locals/pointer - reader 07abf8),"(reader known, axis indirect)"
0x1715B4,8x0,0x07ab00,(unresolved locals),"(reader known, role TBD)"
0x1715F8,10x14,0x07ab00,(axis via locals/pointer - reader 07ab00),"(reader known, axis indirect)"
0x171644,10x14,0x07ab00,(axis via locals/pointer - reader 07ab00),"(reader known, axis indirect)"
0x171690,10x14,0x07abf8,(axis via locals/pointer - reader 07abf8),"(reader known, axis indirect)"
0x1746D4,7x0,0x08c7fa,gear(0xFEBF6442),Gear-indexed correction
0x192E80,10x21,0x090238,IAP/load(0xFEBF6436) x RPM(0xFEBF637E),Air/Torque Model (IAP x RPM)
0x192EB0,10x21,0x090238,IAP/load(0xFEBF6436) x RPM(0xFEBF637E),Air/Torque Model (IAP x RPM)
0x192EE0,10x21,0x090238,IAP/load x RPM (via 090238 pointer-dispatch),Air/Torque Model (IAP x RPM)
0x192F10,10x21,0x090238,IAP/load(0xFEBF6436) x RPM(0xFEBF637E),Air/Torque Model (IAP x RPM)
0x192F40,10x21,0x090238,IAP/load(0xFEBF6436) x RPM(0xFEBF637E),Air/Torque Model (IAP x RPM)
0x192F70,10x21,0x090238,IAP/load x RPM (via 090238 pointer-dispatch),Air/Torque Model (IAP x RPM)
0x192FA0,10x21,0x0902ba,IAP/load(0xFEBF6436) x RPM(0xFEBF637E),Air/Torque Model (IAP x RPM)
0x192FD0,10x21,0x0902ba,IAP/load(0xFEBF6436) x RPM(0xFEBF637E),Air/Torque Model (IAP x RPM)
0x193000,10x21,0x0902ba,IAP/load x RPM (via 0902ba pointer-dispatch),Air/Torque Model (IAP x RPM)
0x193030,10x21,0x0902ba,IAP/load(0xFEBF6436) x RPM(0xFEBF637E),Air/Torque Model (IAP x RPM)
0x193060,10x21,0x0902ba,IAP/load(0xFEBF6436) x RPM(0xFEBF637E),Air/Torque Model (IAP x RPM)
0x193090,10x21,0x0902ba,IAP/load x RPM (via 0902ba pointer-dispatch),Air/Torque Model (IAP x RPM)
0x1930C0,10x21,0x09033c,IAP/load(0xFEBF6436) x RPM(0xFEBF637E),Air/Torque Model (IAP x RPM)
0x1930F0,10x21,0x09033c,IAP/load(0xFEBF6436) x RPM(0xFEBF637E),Air/Torque Model (IAP x RPM)
0x193120,10x21,0x09033c,IAP/load x RPM (via 09033c pointer-dispatch),Air/Torque Model (IAP x RPM)
0x193150,10x21,0x09033c,IAP/load(0xFEBF6436) x RPM(0xFEBF637E),Air/Torque Model (IAP x RPM)
0x193180,10x21,0x09033c,IAP/load(0xFEBF6436) x RPM(0xFEBF637E),Air/Torque Model (IAP x RPM)
0x1931B0,10x21,0x09033c,IAP/load x RPM (via 09033c pointer-dispatch),Air/Torque Model (IAP x RPM)
0x1931E0,10x21,0x0903be,IAP/load(0xFEBF6436) x RPM(0xFEBF637E),Air/Torque Model (IAP x RPM)
0x193210,10x21,0x0903be,IAP/load(0xFEBF6436) x RPM(0xFEBF637E),Air/Torque Model (IAP x RPM)
0x193240,10x21,0x0903be,IAP/load x RPM (via 0903be pointer-dispatch),Air/Torque Model (IAP x RPM)
0x193270,10x21,0x0903be,IAP/load(0xFEBF6436) x RPM(0xFEBF637E),Air/Torque Model (IAP x RPM)
0x1932A0,10x21,0x0903be,IAP/load(0xFEBF6436) x RPM(0xFEBF637E),Air/Torque Model (IAP x RPM)
0x1932D0,10x21,0x0903be,IAP/load x RPM (via 0903be pointer-dispatch),Air/Torque Model (IAP x RPM)
0x193300,10x21,0x090440,IAP/load(0xFEBF6436) x RPM(0xFEBF637E),Air/Torque Model (IAP x RPM)
0x193330,10x21,0x090440,IAP/load(0xFEBF6436) x RPM(0xFEBF637E),Air/Torque Model (IAP x RPM)
0x193360,10x21,0x090440,IAP/load x RPM (via 090440 pointer-dispatch),Air/Torque Model (IAP x RPM)
0x193390,10x21,0x090440,IAP/load(0xFEBF6436) x RPM(0xFEBF637E),Air/Torque Model (IAP x RPM)
0x1933C0,10x21,0x090440,IAP/load(0xFEBF6436) x RPM(0xFEBF637E),Air/Torque Model (IAP x RPM)
0x1933F0,10x21,0x090440,IAP/load x RPM (via 090440 pointer-dispatch),Air/Torque Model (IAP x RPM)
0x193420,10x21,0x0904c2,IAP/load(0xFEBF6436) x RPM(0xFEBF637E),Air/Torque Model (IAP x RPM)
0x193450,10x21,0x0904c2,IAP/load(0xFEBF6436) x RPM(0xFEBF637E),Air/Torque Model (IAP x RPM)
0x193480,10x21,0x0904c2,IAP/load x RPM (via 0904c2 pointer-dispatch),Air/Torque Model (IAP x RPM)
0x1934B0,10x21,0x0904c2,IAP/load(0xFEBF6436) x RPM(0xFEBF637E),Air/Torque Model (IAP x RPM)
0x1934E0,10x21,0x0904c2,IAP/load(0xFEBF6436) x RPM(0xFEBF637E),Air/Torque Model (IAP x RPM)
0x193510,10x21,0x0904c2,IAP/load x RPM (via 0904c2 pointer-dispatch),Air/Torque Model (IAP x RPM)
0x193540,10x21,0x090544,IAP/load(0xFEBF6436) x RPM(0xFEBF637E),Air/Torque Model (IAP x RPM)
0x193570,10x21,0x090544,IAP/load(0xFEBF6436) x RPM(0xFEBF637E),Air/Torque Model (IAP x RPM)
0x1935A0,10x21,0x090544,IAP/load x RPM (via 090544 pointer-dispatch),Air/Torque Model (IAP x RPM)
0x1935D0,10x21,0x090544,IAP/load(0xFEBF6436) x RPM(0xFEBF637E),Air/Torque Model (IAP x RPM)
0x193600,10x21,0x090544,IAP/load(0xFEBF6436) x RPM(0xFEBF637E),Air/Torque Model (IAP x RPM)
0x193630,10x21,0x090544,IAP/load x RPM (via 090544 pointer-dispatch),Air/Torque Model (IAP x RPM)
0x193660,10x21,0x0905c6,IAP/load(0xFEBF6436) x RPM(0xFEBF637E),Air/Torque Model (IAP x RPM)
0x193690,10x21,0x0905c6,IAP/load(0xFEBF6436) x RPM(0xFEBF637E),Air/Torque Model (IAP x RPM)
0x1936C0,10x21,0x0905c6,IAP/load x RPM (via 0905c6 pointer-dispatch),Air/Torque Model (IAP x RPM)
0x1936F0,10x21,0x0905c6,IAP/load(0xFEBF6436) x RPM(0xFEBF637E),Air/Torque Model (IAP x RPM)
0x193720,10x21,0x0905c6,IAP/load(0xFEBF6436) x RPM(0xFEBF637E),Air/Torque Model (IAP x RPM)
0x193750,10x21,0x0905c6,IAP/load x RPM (via 0905c6 pointer-dispatch),Air/Torque Model (IAP x RPM)
