descriptor,dims,x_ram,x_meaning,y_ram,y_meaning
0x150BE0,11x0,0xFEF0267E,non-monotonic (bitmask/enum?),,
0x150BF4,11x0,0xFEF0267E,non-monotonic (bitmask/enum?),,
0x150C08,11x0,0xFEF0267E,non-monotonic (bitmask/enum?),,
0x150D20,30x0,0xFEF0055A,engine RPM (high range) (8894-15144 rpm),,
0x150D48,36x0,0xFEF02622,"engine RPM (primary; raw/2.56=rpm, axis 1000..8000 proven)",,
0x150D5C,36x0,0xFEF02622,"engine RPM (primary; raw/2.56=rpm, axis 1000..8000 proven)",,
0x150D70,36x0,0xFEF02622,"engine RPM (primary; raw/2.56=rpm, axis 1000..8000 proven)",,
0x150D84,36x0,0xFEF02622,"engine RPM (primary; raw/2.56=rpm, axis 1000..8000 proven)",,
0x150D98,36x0,0xFEF02622,"engine RPM (primary; raw/2.56=rpm, axis 1000..8000 proven)",,
0x150DAC,7x0,0xFEF00656,non-monotonic (bitmask/enum?),,
0x150DC0,7x0,0xFEF00656,non-monotonic (bitmask/enum?),,
0x150E5C,14x0,0xFEF005E0,engine RPM (1500-12000 rpm),,
0x150F94,14x10,,,0xFEBF6169,throttle / load (map Y-axis)
0x15118C,13x11,,,0xFEF0267D,index 0..7 (gear/mode/cyl)
0x1511A8,23x39,0xFEF006BC,"signed sensor (lean/pitch/rate, centered 0x8000)",,
0x15122C,39x7,0xFEF0262C,engine RPM (axis ~800..3200),,
0x151248,39x7,0xFEF0262C,engine RPM (axis ~800..3200),,
0x151264,39x7,0xFEF0262C,engine RPM (axis ~800..3200),,
0x1512B8,39x7,0xFEF0262C,engine RPM (axis ~800..3200),,
0x1512FC,36x0,0xFEF0060A,monotonic axis (unit TBD) (raw 0..44800),,
0x1513B0,11x0,0xFEF0267D,index 0..7 (gear/mode/cyl),,
0x151410,14x0,0xFEBF5E86,engine RPM (1500-12000 rpm),,
0x151424,16x0,0xFEBF5E86,engine RPM (1500-12000 rpm),,
0x15144C,11x0,0xFEF0267E,non-monotonic (bitmask/enum?),,
0x154FDC,22x0,0xFEF02674,non-monotonic (bitmask/enum?),,
0x155040,11x7,0xFEF01E52,monotonic axis (unit TBD) (raw 0..3000),,
0x155100,5x0,0xFEF01E52,monotonic axis (unit TBD) (raw 0..3000),,
0x155114,5x0,0xFEF01E52,monotonic axis (unit TBD) (raw 0..3000),,
0x15780C,9x0,0xFEF00F2A,engine RPM (4000-10400 rpm),,
0x157D88,10x0,0xFEF01E52,monotonic axis (unit TBD) (raw 0..3000),,
0x157DC4,10x0,0xFEF01E52,monotonic axis (unit TBD) (raw 0..3000),,
0x157DD8,11x0,0xFEF00DB2,throttle / load (raw 0..205),,
0x157E28,10x0,0xFEF01E52,monotonic axis (unit TBD) (raw 0..3000),,
0x167960,8x0,0xFEBF615E,engine RPM (1000-9000 rpm),,
0x167974,8x0,0xFEBF615E,engine RPM (1000-9000 rpm),,
0x167A7C,23x39,,,0xFEBF615E,engine RPM (1000-9000 rpm)
0x167AEC,23x39,,,0xFEBF615E,engine RPM (1000-9000 rpm)
0x167B5C,23x39,,,0xFEBF615E,engine RPM (1000-9000 rpm)
0x167B78,23x39,,,0xFEBF615E,engine RPM (1000-9000 rpm)
0x167BE8,23x39,,,0xFEBF615E,engine RPM (1000-9000 rpm)
0x167E0C,21x0,0xFEBF5E7A,"signed sensor (lean/pitch/rate, centered 0x8000)",,
0x168550,26x0,0xFEBF6164,monotonic axis (unit TBD) (raw 0..500),,
0x168CD0,8x0,0xFEBF6166,monotonic axis (unit TBD) (raw 0..3000),,
0x171410,11x0,0xFEF01E3E,engine RPM (axis 500..4000),,
0x171424,15x0,0xFEF01E3E,engine RPM (axis 500..4000),,
0x171438,15x0,0xFEF01E3E,engine RPM (axis 500..4000),,
0x17149C,10x0,0xFEF01FEA,monotonic axis (unit TBD) (raw 0..540),,
0x1715B4,8x0,0xFEF025EC,monotonic axis (unit TBD) (raw 461..819),,
0x172FA4,31x0,0xFEF025F4,monotonic axis (unit TBD) (raw 1024..62464),,
0x173008,30x0,0xFEF025DC,monotonic axis (unit TBD) (raw 13..1000),,
0x17316C,37x0,0xFEF0287E,"signed sensor (lean/pitch/rate, centered 0x8000)",,
0x173180,37x0,0xFEF0287C,"signed sensor (lean/pitch/rate, centered 0x8000)",,
0x173194,37x0,0xFEF00544,"signed sensor (lean/pitch/rate, centered 0x8000)",,
0x1731A8,37x0,0xFEF00544,"signed sensor (lean/pitch/rate, centered 0x8000)",,
0x1731D8,17x0,0xFEF02646,monotonic axis (unit TBD) (raw 0..14563),,
0x1746FC,5x0,0xFEF02D8A,engine RPM (high range) (12805-13107 rpm),,
0x174BD0,23x39,0xFEF02E44,monotonic axis (unit TBD) (raw 0..38876),0xFEF02E46,"signed sensor (lean/pitch/rate, centered 0x8000)"
0x174D18,14x10,0xFEF02E2C,engine RPM (fuel/ign control; axis 1000..8000 proven),0xFEBF6169,throttle / load (map Y-axis)
0x174D64,14x10,0xFEF02E2C,engine RPM (fuel/ign control; axis 1000..8000 proven),0xFEBF6169,throttle / load (map Y-axis)
0x174DB0,14x10,0xFEF02E2C,engine RPM (fuel/ign control; axis 1000..8000 proven),0xFEBF6169,throttle / load (map Y-axis)
0x174E94,14x10,0xFEF02E2C,engine RPM (fuel/ign control; axis 1000..8000 proven),0xFEBF6169,throttle / load (map Y-axis)
0x174F78,14x10,0xFEF02E2C,engine RPM (fuel/ign control; axis 1000..8000 proven),0xFEBF6169,throttle / load (map Y-axis)
